title,doi,url,publicationDate,staffNames,staffIds,orcidIds
Oral Contraceptive Pill Alters Acute Dietary Protein-Induced Thermogenesis in Young Women.,10.1002/oby.21919,http://europepmc.org/abstract/med/28712125,2017-07-16,Jennifer Miles-Chan,1,0000-0003-0313-7048
Do gender and ethnic differences in fasting leptin in Indians and Creoles of Mauritius persist beyond differences in adiposity?,10.1038/ijo.2017.213,http://europepmc.org/abstract/med/28852206,2017-08-30,Jennifer Miles-Chan,1,0000-0003-0313-7048
Reliability of low-power cycling efficiency in energy expenditure phenotyping of inactive men and women.,10.14814/phy2.13233,http://europepmc.org/abstract/med/28507164,2017-05-14,Jennifer Miles-Chan,1,0000-0003-0313-7048
Standing economy: does the heterogeneity in the energy cost of posture maintenance reside in differential patterns of spontaneous weight-shifting?,10.1007/s00421-017-3563-7,http://europepmc.org/abstract/med/28260201,2017-03-04,Jennifer Miles-Chan,1,0000-0003-0313-7048
Passive and active roles of fat-free mass in the control of energy intake and body composition regulation.,10.1038/ejcn.2016.256,http://europepmc.org/abstract/med/27966570,2016-12-14,Jennifer Miles-Chan,1,0000-0003-0313-7048
Isometric thermogenesis at rest and during movement: a neglected variable in energy expenditure and obesity predisposition.,10.1111/obr.12505,http://europepmc.org/abstract/med/28164457,2017-02-06,Jennifer Miles-Chan,1,0000-0003-0313-7048
"Nutrition, movement and sleep behaviours: their interactions in pathways to obesity and cardiometabolic diseases.",10.1111/obr.12513,http://europepmc.org/abstract/med/28164454,2017-02-06,Jennifer Miles-Chan,1,0000-0003-0313-7048
Energy Cost of Standing in a Multi-Ethnic Cohort: Are Energy-Savers a Minority or the Majority?,10.1371/journal.pone.0169478,,2017-01-05,Jennifer Miles-Chan,1,0000-0003-0313-7048
Issues in Continuous 24-h Core Body Temperature Monitoring in Humans Using an Ingestible Capsule Telemetric Sensor.,10.3389/fendo.2017.00130,http://europepmc.org/abstract/med/28659868,2017-06-13,Jennifer Miles-Chan,1,0000-0003-0313-7048
Posture Allocation Revisited: Breaking the Sedentary Threshold of Energy Expenditure for Obesity Management.,10.3389/fphys.2017.00420,http://europepmc.org/abstract/med/28690547,2017-06-22,Jennifer Miles-Chan,1,0000-0003-0313-7048
Body composition-derived BMI cut-offs for overweight and obesity in Indians and Creoles of Mauritius: comparison with Caucasians.,10.1038/ijo.2016.176,http://europepmc.org/abstract/med/27698347,2016-10-04,Jennifer Miles-Chan,1,0000-0003-0313-7048
Correction: Energy Expenditure and Substrate Oxidation in Response to Side-Alternating Whole Body Vibration across Three Commonly-Used Vibration Frequencies,10.1371/journal.pone.0163822,,2016-09-22,Jennifer Miles-Chan,1,0000-0003-0313-7048
Energy Drinks and Their Impact on the Cardiovascular System: Potential Mechanisms.,10.3945/an.116.012526,http://europepmc.org/abstract/med/27633110,2016-09,Jennifer Miles-Chan,1,0000-0003-0313-7048
Hemodynamic Responses to Energy Drink Consumption,10.1001/jama.2016.1109,,2016-05-10,Jennifer Miles-Chan,1,0000-0003-0313-7048
Gender difference in substrate oxidation during low-intensity isometric exercise in young adults.,10.1139/apnm-2016-0127,,2016-09,Jennifer Miles-Chan,1,0000-0003-0313-7048
Energy Expenditure and Substrate Oxidation in Response to Side-Alternating Whole Body Vibration across Three Commonly-Used Vibration Frequencies,10.1371/journal.pone.0151552,,2016-03-14,Jennifer Miles-Chan,1,0000-0003-0313-7048
"The Influence of Gender and Anthropometry on Haemodynamic Status at Rest and in Response to Graded Incremental Head-Up Tilt in Young, Healthy Adults.",10.3389/fphys.2016.00656,http://europepmc.org/abstract/med/28101061,2017-01-04,Jennifer Miles-Chan,1,0000-0003-0313-7048
Fasting substrate oxidation at rest assessed by indirect calorimetry: is prior dietary macronutrient level and composition a confounder?,10.1038/ijo.2015.29,http://europepmc.org/abstract/med/25771930,2015-03-16,Jennifer Miles-Chan,1,0000-0003-0313-7048
Oral non-steroidal anti-inflammatory drugs versus other oral analgesic agents for acute soft tissue injury.,10.1002/14651858.cd007789.pub2,http://europepmc.org/abstract/med/26130144,2015-07-01,Jennifer Miles-Chan,1,0000-0003-0313-7048
The blood pressure-elevating effect of Red Bull energy drink is mimicked by caffeine but through different hemodynamic pathways.,10.14814/phy2.12290,http://europepmc.org/abstract/med/25716925,2015-02-25,Jennifer Miles-Chan,1,0000-0003-0313-7048
Water-induced thermogenesis and fat oxidation: a reassessment.,10.1038/nutd.2015.41,http://europepmc.org/abstract/med/26690288,2015-12-21,Jennifer Miles-Chan,1,0000-0003-0313-7048
The thermic effect of sugar-free Red Bull: Do the non-caffeine bioactive ingredients in energy drinks play a role?,10.1002/oby.20905,http://europepmc.org/abstract/med/25294090,2014-10-08,Jennifer Miles-Chan,1,0000-0003-0313-7048
Sitting comfortably versus lying down: is there really a difference in energy expenditure?,10.1016/j.clnu.2013.11.009,http://europepmc.org/abstract/med/24290343,2014-02,Jennifer Miles-Chan,1,0000-0003-0313-7048
Metabolic programming of adipose tissue structure and function in male rat offspring by prenatal undernutrition.,10.1186/1743-7075-11-50,http://europepmc.org/abstract/med/25352910,2014-10-18,Jennifer Miles-Chan,1,0000-0003-0313-7048
A role for adipose tissue de novo lipogenesis in glucose homeostasis during catch-up growth: a Randle cycle favoring fat storage.,10.2337/db12-0255,http://europepmc.org/abstract/med/22961086,2013-01-17,Jennifer Miles-Chan,1,0000-0003-0313-7048
A standardized approach to study human variability in isometric thermogenesis during low-intensity physical activity.,10.3389/fphys.2013.00155,http://europepmc.org/abstract/med/23847539,2013,Jennifer Miles-Chan,1,0000-0003-0313-7048
BMI and cardiovascular function in children and adolescents of Mauritius Island.,10.1017/jns.2012.26,http://europepmc.org/abstract/med/25191579,2013-01-16,Jennifer Miles-Chan,1,0000-0003-0313-7048
Heterogeneity in the energy cost of posture maintenance during standing relative to sitting: phenotyping according to magnitude and time-course.,10.1371/journal.pone.0065827,http://europepmc.org/abstract/med/23741514,2013-05-31,Jennifer Miles-Chan,1,0000-0003-0313-7048
Postnatal development of metabolic flexibility and enhanced oxidative capacity after prenatal undernutrition.,10.1177/1933719111428519,http://europepmc.org/abstract/med/22138545,2012-12-30,Jennifer Miles-Chan,1,0000-0003-0313-7048
Non-contact assessment of waist circumference: will tape measurements become progressively obsolete?,10.1038/ejcn.2011.183,http://europepmc.org/abstract/med/22045226,2011-11-02,Jennifer Miles-Chan,1,0000-0003-0313-7048
"Emergency nurse practitioners: do they provide an effective service in managing minor injuries, compared to emergency medicine registrars?",,http://europepmc.org/abstract/med/22016166,2011-10,Jennifer Miles-Chan,1,0000-0003-0313-7048
Survival from in-hospital cardiac arrest in Auckland City Hospital.,10.1111/j.1742-6723.2011.01450.x,http://europepmc.org/abstract/med/21995471,2011-06-27,Jennifer Miles-Chan,1,0000-0003-0313-7048
Dietary modulation of body composition and insulin sensitivity during catch-up growth in rats: effects of oils rich in n-6 or n-3 PUFA.,10.1017/s0007114510005659,http://europepmc.org/abstract/med/21281526,2011-01-31,Jennifer Miles-Chan,1,0000-0003-0313-7048
Prenatally induced changes in muscle structure and metabolic function facilitate exercise-induced obesity prevention.,10.1210/en.2009-0125,http://europepmc.org/abstract/med/19477938,2009-05-28,Jennifer Miles-Chan,1,0000-0003-0313-7048
Prenatally undernourished rats show increased preference for wheel running v. lever pressing for food in a choice task.,10.1017/s0007114508043353,http://europepmc.org/abstract/med/18761782,2008-09-02,Jennifer Miles-Chan,1,0000-0003-0313-7048
Moderate daily exercise activates metabolic flexibility to prevent prenatally induced obesity.,10.1210/en.2008-1035,http://europepmc.org/abstract/med/18772230,2008-09-04,Jennifer Miles-Chan,1,0000-0003-0313-7048
Overcoming barriers to in-hospital cardiac arrest documentation.,10.1016/j.resuscitation.2007.08.021,http://europepmc.org/abstract/med/18023958,2008-03,Jennifer Miles-Chan,1,0000-0003-0313-7048
Global undernutrition during gestation influences learning during adult life.,10.3758/bf03193042,http://europepmc.org/abstract/med/17688181,2007-05,Jennifer Miles-Chan,1,0000-0003-0313-7048
"Prenatal and postnatal pathways to obesity: different underlying mechanisms, different metabolic outcomes.",10.1210/en.2006-1641,http://europepmc.org/abstract/med/17272392,2007-05-01,Jennifer Miles-Chan,1,0000-0003-0313-7048
"Benzylpiperizine-based party pills' impact on the Auckland City Hospital Emergency Department Overdose Database (2002-2004) compared with ecstasy (MDMA or methylene dioxymethamphetamine), gamma hydroxybutyrate (GHB), amphetamines, cocaine, and alcohol.",,http://europepmc.org/abstract/med/17308553,2007,Jennifer Miles-Chan,1,0000-0003-0313-7048
